epoch,step,train_loss
0,49,0.07374319434165955
0,99,0.042046964168548584
